{
    "ncb_mm_r2p1_TOS_": [
        572.9002223577731,
        26.0141242127979
    ],
    "mu_cb_mm_r2p1_TOS_": [
        4166.723604242456,
        31.869455143269306
    ],
    "lm_cb_mm_r2p1_TOS_": [
        45.86246611832439,
        1.6202232188026648
    ]
}