{
    "ncb_ee_2017_TOS_": [
        548.6571595687195,
        163.44346271685717
    ],
    "npr_ee_2017_TOS_": [
        536.4731971757435,
        163.3342752686127
    ],
    "mu_cb_ee_2017_TOS_": [
        4186.278707348577,
        37.13322259133996
    ],
    "lm_cb_ee_2017_TOS_": [
        45.448238869543054,
        2.356018841758295
    ]
}