{
    "ncb_ee_r2p1_TOS_": [
        702.5183349369926,
        204.9000163097106
    ],
    "npr_ee_r2p1_TOS_": [
        913.3606849214366,
        205.05864053681753
    ],
    "mu_cb_ee_r2p1_TOS_": [
        4194.146046552277,
        51.96410962055238
    ],
    "lm_cb_ee_r2p1_TOS_": [
        47.318325483053535,
        2.3951850923778535
    ]
}