{
    "ncb_ee_2018_TOS_": [
        725.6359072387324,
        135.80977021760333
    ],
    "npr_ee_2018_TOS_": [
        350.69209871897596,
        134.10799589040255
    ],
    "mu_cb_ee_2018_TOS_": [
        4219.203445742806,
        64.58224102862886
    ],
    "lm_cb_ee_2018_TOS_": [
        47.03927117440013,
        2.893388423921952
    ]
}