{
    "ncb_mm_r1_TOS_": [
        587.3384043548671,
        23.899763000142705
    ],
    "mu_cb_mm_r1_TOS_": [
        4159.822871376791,
        31.694818446752606
    ],
    "lm_cb_mm_r1_TOS_": [
        45.11274769695758,
        1.6388570883562998
    ]
}