{
    "ncb_ee_2017_TOS_": [
        609.0600365533328,
        146.47415477228978
    ],
    "npr_ee_2017_TOS_": [
        476.4053413696158,
        145.80591075578462
    ],
    "mu_cb_ee_2017_TOS_": [
        4209.27119533562,
        64.72625651228121
    ],
    "lm_cb_ee_2017_TOS_": [
        46.238861063710196,
        3.0306895168628847
    ]
}