{
    "ncb_mm_2017_TOS_": [
        469.28140747576293,
        22.544917953312027
    ],
    "mu_cb_mm_2017_TOS_": [
        4165.165073406633,
        31.933470011632455
    ],
    "lm_cb_mm_2017_TOS_": [
        45.6048004011663,
        1.637731490800231
    ]
}