{
    "ncb_mm_2018_TOS_": [
        429.6030862007721,
        22.421194954274153
    ],
    "mu_cb_mm_2018_TOS_": [
        4163.899740048056,
        31.8416221693795
    ],
    "lm_cb_mm_2018_TOS_": [
        45.61600625794943,
        1.6349199042493718
    ]
}