{
    "ncb_ee_2018_TOS_": [
        727.764434341955,
        139.63877672884365
    ],
    "npr_ee_2018_TOS_": [
        347.97877221638726,
        138.7777616186234
    ],
    "mu_cb_ee_2018_TOS_": [
        4176.627148054624,
        32.608584812619746
    ],
    "lm_cb_ee_2018_TOS_": [
        45.96245455191419,
        2.1902474832803605
    ]
}