{
    "ncb_ee_r1_TOS_": [
        484.0624927577912,
        98.1018500507113
    ],
    "npr_ee_r1_TOS_": [
        162.97737678996404,
        96.03244781509078
    ],
    "mu_cb_ee_r1_TOS_": [
        4200.82043082266,
        64.18680341249127
    ],
    "lm_cb_ee_r1_TOS_": [
        45.04561709348752,
        3.0156806717360842
    ]
}