{
    "ncb_ee_r2p1_TOS_": [
        827.0732672944362,
        179.99061376665372
    ],
    "npr_ee_r2p1_TOS_": [
        788.5550468196858,
        179.7418842978843
    ],
    "mu_cb_ee_r2p1_TOS_": [
        4239.17437182267,
        65.82960948108308
    ],
    "lm_cb_ee_r2p1_TOS_": [
        48.71432182355078,
        2.8917983551623414
    ]
}